doc,index,anchor
clarissa,1975,yesterday
clarissa,12584,yesterday
clarissa,16236,tomorrow
clarissa,16319,sunday
clarissa,16328,sunday
clarissa,16520,february
clarissa,17982,yesterday
clarissa,20444,sunday
clarissa,22118,march
clarissa,22149,wednesday
clarissa,22150,march
clarissa,23149,thursday
clarissa,23151,march
clarissa,23389,may
clarissa,25043,march
clarissa,25127,january
clarissa,26847,sunday
clarissa,26879,sunday
clarissa,29449,thursday
clarissa,29451,march
clarissa,29459,yesterday
clarissa,30027,friday
clarissa,30028,march
clarissa,31745,friday
clarissa,31746,march
clarissa,31924,yesterday
clarissa,41308,tomorrow
clarissa,41352,today
clarissa,42091,march
clarissa,42107,yesterday
clarissa,44333,may
clarissa,47442,may
clarissa,50013,may
clarissa,50040,sunday
clarissa,50042,march
clarissa,50623,may
clarissa,50704,sunday
clarissa,50868,tomorrow
clarissa,50875,today
clarissa,50881,tomorrow
clarissa,51216,may
clarissa,51533,may
clarissa,52085,oclock
clarissa,52121,march
clarissa,52692,march
clarissa,53086,tuesday
clarissa,53485,may
clarissa,53859,wednesday
clarissa,54988,wednesday
clarissa,56658,thursday
clarissa,56660,march
clarissa,60329,friday
clarissa,61498,saturday
clarissa,61499,march
clarissa,64264,sunday
clarissa,64266,march
clarissa,65282,monday
clarissa,65283,march
clarissa,68523,yesterday
clarissa,68885,tuesday
clarissa,68886,march
clarissa,68929,march
clarissa,69661,may
clarissa,69739,may
clarissa,69954,sunday
clarissa,70343,saturday
clarissa,70344,march
clarissa,74364,sunday
clarissa,75557,tuesday
clarissa,75609,sunday
clarissa,75638,thursday
clarissa,75639,march
clarissa,75781,wednesday
clarissa,76572,thursday
clarissa,76573,march
clarissa,76819,thursday
clarissa,76820,march
clarissa,77224,friday
clarissa,77225,march
clarissa,84176,sunday
clarissa,84565,march
clarissa,84574,sunday
clarissa,84575,march
clarissa,86194,monday
clarissa,86195,march
clarissa,86924,monday
clarissa,86925,march
clarissa,86948,yesterday
clarissa,86963,tomorrow
clarissa,87011,yesterday
clarissa,90472,saturday
clarissa,92247,sunday
clarissa,94089,tuesday
clarissa,94090,march
clarissa,94201,yesterday
clarissa,96125,tuesday
clarissa,99207,sunday
clarissa,100776,wednesday
clarissa,100778,oclock
clarissa,102831,may
clarissa,104289,april
clarissa,104755,may
clarissa,105339,wednesday
clarissa,105341,oclock
clarissa,105636,sunday
clarissa,105640,monday
clarissa,105832,wednesday
clarissa,105834,march
clarissa,106241,tomorrow
clarissa,108366,tomorrow
clarissa,108389,thursday
clarissa,108391,oclock
clarissa,110194,thursday
clarissa,111199,thursday
clarissa,111201,march
clarissa,112909,march
clarissa,114421,thursday
clarissa,114652,thursday
clarissa,115043,thursday
clarissa,115044,march
clarissa,115654,thursday
clarissa,115842,yesterday
clarissa,117222,friday
clarissa,117225,oclock
clarissa,117501,friday
clarissa,117503,oclock
clarissa,117925,friday
clarissa,119328,friday
clarissa,119553,tomorrow
clarissa,119559,tomorrow
clarissa,119583,tomorrow
clarissa,119633,tomorrow
clarissa,119727,tomorrow
clarissa,120144,may
clarissa,120183,friday
clarissa,120185,march
clarissa,121026,oclock
clarissa,121760,friday
clarissa,123885,march
clarissa,124298,yesterday
clarissa,125035,may
clarissa,125793,sunday
clarissa,125900,may
clarissa,126231,yesterday
clarissa,126495,yesterday
clarissa,130942,may
clarissa,131385,sunday
clarissa,131947,sunday
clarissa,132531,sunday
clarissa,133006,tomorrow
clarissa,133337,monday
clarissa,133339,march
clarissa,133439,sunday
clarissa,133443,monday
clarissa,134860,monday
clarissa,134988,friday
clarissa,134994,saturday
clarissa,135234,monday
clarissa,135236,march
clarissa,135517,monday
clarissa,136185,monday
clarissa,136197,monday
clarissa,136271,tomorrow
clarissa,136316,monday
clarissa,137771,yesterday
clarissa,137878,tuesday
clarissa,137880,oclock
clarissa,137904,monday
clarissa,137991,thursday
clarissa,138047,thursday
clarissa,138068,tuesday
clarissa,138071,oclock
clarissa,138161,sunday
clarissa,139288,tomorrow
clarissa,139358,tuesday
clarissa,139667,thursday
clarissa,139702,tuesday
clarissa,139706,march
clarissa,140939,thursday
clarissa,141019,thursday
clarissa,141755,thursday
clarissa,141824,tuesday
clarissa,141855,thursday
clarissa,142016,thursday
clarissa,142127,thursday
clarissa,142347,tuesday
clarissa,143102,tuesday
clarissa,143456,wednesday
clarissa,143459,oclock
clarissa,143794,may
clarissa,144308,wednesday
clarissa,144662,wednesday
clarissa,144664,march
clarissa,144762,tuesday
clarissa,144910,tuesday
clarissa,145057,saturday
clarissa,145060,wednesday
clarissa,145110,thursday
clarissa,145113,march
clarissa,145137,sunday
clarissa,145892,monday
clarissa,146854,tuesday
clarissa,146901,wednesday
clarissa,146946,wednesday
clarissa,147314,thursday
clarissa,147861,century
clarissa,147915,may
clarissa,149771,sunday
clarissa,149807,friday
clarissa,149808,march
clarissa,151960,friday
clarissa,151963,oclock
clarissa,152236,wednesday
clarissa,152244,wednesday
clarissa,152252,yesterday
clarissa,152533,friday
clarissa,152535,oclock
clarissa,152616,thursday
clarissa,152618,march
clarissa,153309,friday
clarissa,153311,oclock
clarissa,153988,friday
clarissa,153990,march
clarissa,154564,saturday
clarissa,154565,april
clarissa,155838,saturday
clarissa,155839,april
clarissa,156959,sunday
clarissa,156960,april
clarissa,156963,yesterday
clarissa,157550,tomorrow
clarissa,158129,sunday
clarissa,158131,april
clarissa,158781,tuesday
clarissa,159036,tuesday
clarissa,159531,tuesday
clarissa,160604,monday
clarissa,160605,april
clarissa,160661,tomorrow
clarissa,161255,tomorrow
clarissa,161257,tuesday
clarissa,161286,tuesday
clarissa,161330,tuesday
clarissa,161333,oclock
clarissa,161419,tuesday
clarissa,161421,oclock
clarissa,162604,sunday
clarissa,163211,tuesday
clarissa,170141,monday
clarissa,170702,oclock
clarissa,170703,wednesday
clarissa,171353,monday
clarissa,174317,saturday
clarissa,174881,wednesday
clarissa,174885,april
clarissa,175089,saturday
clarissa,175094,tomorrow
clarissa,176172,yesterday
clarissa,176286,yesterday
clarissa,177163,tomorrow
clarissa,177165,saturday
clarissa,177558,wednesday
clarissa,177560,oclock
clarissa,178483,tomorrow
clarissa,179441,saturday
clarissa,179443,monday
clarissa,179563,wednesday
clarissa,180041,thursday
clarissa,180043,april
clarissa,181892,thursday
clarissa,181893,april
clarissa,181918,yesterday
clarissa,182678,may
clarissa,184692,thursday
clarissa,185276,tuesday
clarissa,185312,wednesday
clarissa,186749,wednesday
clarissa,187031,tuesday
clarissa,187033,wednesday
clarissa,187606,monday
clarissa,187627,oclock
clarissa,187629,monday
clarissa,188002,oclock
clarissa,188320,friday
clarissa,188323,oclock
clarissa,188324,april
clarissa,188385,yesterday
clarissa,188679,wednesday
clarissa,188684,oclock
clarissa,188899,friday
clarissa,188901,oclock
clarissa,189963,friday
clarissa,189965,oclock
clarissa,190317,monday
clarissa,190594,friday
clarissa,190596,oclock
clarissa,190625,wednesday
clarissa,190831,friday
clarissa,190833,oclock
clarissa,190862,wednesday
clarissa,191095,tuesday
clarissa,191505,tuesday
clarissa,191831,friday
clarissa,191833,oclock
clarissa,191908,monday
clarissa,192927,monday
clarissa,193016,april
clarissa,193042,monday
clarissa,194136,monday
clarissa,194214,saturday
clarissa,194972,yesterday
clarissa,195702,tomorrow
clarissa,195706,monday
clarissa,197238,saturday
clarissa,198336,sunday
clarissa,198338,april
clarissa,198353,yesterday
clarissa,199606,tomorrow
clarissa,200426,wednesday
clarissa,200435,tuesday
clarissa,200490,wednesday
clarissa,200547,wednesday
clarissa,200905,sunday
clarissa,200907,april
clarissa,201179,wednesday
clarissa,201200,sunday
clarissa,201326,tuesday
clarissa,201328,wednesday
clarissa,201345,sunday
clarissa,201347,oclock
clarissa,201375,tomorrow
clarissa,201462,tuesday
clarissa,201464,wednesday
clarissa,201467,sunday
clarissa,201470,oclock
clarissa,201485,tomorrow
clarissa,201667,sunday
clarissa,201670,oclock
clarissa,201685,tuesday
clarissa,201773,april
clarissa,201775,oclock
clarissa,201846,today
clarissa,202041,oclock
clarissa,202081,wednesday
clarissa,203251,wednesday
clarissa,203270,oclock
clarissa,203448,yesterday
clarissa,204444,tomorrow
clarissa,204447,wednesday
clarissa,205216,wednesday
clarissa,205706,wednesday
clarissa,205749,wednesday
clarissa,205812,tuesday
clarissa,206263,tuesday
clarissa,207060,tuesday
clarissa,207334,wednesday
clarissa,207341,wednesday
clarissa,207439,wednesday
clarissa,207899,wednesday
clarissa,208421,yesterday
clarissa,208491,saturday
clarissa,208723,wednesday
clarissa,208961,wednesday
clarissa,209110,wednesday
clarissa,209445,wednesday
clarissa,209610,wednesday
clarissa,209850,may
clarissa,209879,wednesday
clarissa,209885,wednesday
clarissa,210117,wednesday
clarissa,210583,tomorrow
clarissa,210584,wednesday
clarissa,210915,wednesday
clarissa,211048,wednesday
clarissa,213649,monday
clarissa,214039,april
clarissa,214073,oclock
clarissa,214075,monday
clarissa,215650,sunday
clarissa,215652,april
clarissa,216307,monday
clarissa,216637,tuesday
clarissa,216883,wednesday
clarissa,216884,april
clarissa,219280,wednesday
clarissa,221433,oclock
clarissa,221434,tuesday
clarissa,222623,oclock
clarissa,223923,tuesday
clarissa,226556,wednesday
clarissa,226558,april
clarissa,226774,yesterday
clarissa,227505,thursday
clarissa,227506,april
clarissa,227937,wednesday
clarissa,229751,may
clarissa,229778,thursday
clarissa,229781,april
clarissa,230723,wednesday
clarissa,231154,tuesday
clarissa,231631,monday
clarissa,232975,monday
clarissa,235704,wednesday
clarissa,236882,thursday
clarissa,236884,april
clarissa,238311,monday
clarissa,241679,may
clarissa,242032,may
clarissa,242543,may
clarissa,245926,monday
clarissa,247631,yesterday
clarissa,247694,yesterday
clarissa,247720,monday
clarissa,247983,monday
clarissa,249108,friday
clarissa,249109,april
clarissa,249980,friday
clarissa,249981,april
clarissa,252469,may
clarissa,252795,tomorrow
clarissa,253086,friday
clarissa,253087,april
clarissa,255841,april
clarissa,256386,may
clarissa,256959,yesterday
clarissa,257615,saturday
clarissa,258109,sunday
clarissa,262794,tomorrow
clarissa,262876,monday
clarissa,262878,april
clarissa,263344,sunday
clarissa,263345,monday
clarissa,263698,tomorrow
clarissa,263702,today
clarissa,263707,yesterday
clarissa,264821,monday
clarissa,264822,april
clarissa,265036,tuesday
clarissa,265037,april
clarissa,266525,april
clarissa,266922,thursday
clarissa,266923,april
clarissa,267020,tuesday
clarissa,267022,april
clarissa,268230,saturday
clarissa,268626,thursday
clarissa,268627,april
clarissa,269664,wednesday
clarissa,269665,april
clarissa,272792,thursday
clarissa,272793,april
clarissa,276518,monday
clarissa,276554,friday
clarissa,276556,april
clarissa,278348,friday
clarissa,278349,april
clarissa,280830,monday
clarissa,280866,friday
clarissa,280867,april
clarissa,282059,monday
clarissa,282835,april
clarissa,282844,april
clarissa,284122,thursday
clarissa,284123,april
clarissa,284621,saturday
clarissa,284707,april
clarissa,285880,may
clarissa,285909,friday
clarissa,285910,april
clarissa,286699,may
clarissa,288223,wednesday
clarissa,288745,may
clarissa,289096,march
clarissa,289100,march
clarissa,289128,march
clarissa,289144,may
clarissa,289164,may
clarissa,289335,friday
clarissa,289336,april
clarissa,289350,april
clarissa,290794,saturday
clarissa,290797,april
clarissa,291005,friday
clarissa,291006,april
clarissa,291185,april
clarissa,291807,tuesday
clarissa,291808,april
clarissa,293182,wednesday
clarissa,293184,april
clarissa,293289,sunday
clarissa,293389,monday
clarissa,293485,sunday
clarissa,293855,yesterday
clarissa,294133,thursday
clarissa,294134,april
clarissa,295125,thursday
clarissa,295126,april
clarissa,296078,monday
clarissa,296079,april
clarissa,297038,wednesday
clarissa,297058,saturday
clarissa,297819,tuesday
clarissa,297820,april
clarissa,298221,may
clarissa,298630,tuesday
clarissa,299028,may
clarissa,300812,sunday
clarissa,302314,tomorrow
clarissa,302321,tomorrow
clarissa,302364,tomorrow
clarissa,302485,tomorrow
clarissa,302930,tomorrow
clarissa,302978,tomorrow
clarissa,303558,thursday
clarissa,303560,april
clarissa,304008,thursday
clarissa,304011,oclock
clarissa,304142,oclock
clarissa,304476,yesterday
clarissa,306229,may
clarissa,306973,friday
clarissa,306974,april
clarissa,307719,friday
clarissa,307755,saturday
clarissa,308095,monday
clarissa,308380,monday
clarissa,308564,monday
clarissa,308586,saturday
clarissa,308607,tomorrow
clarissa,308748,tomorrow
clarissa,308768,monday
clarissa,309039,monday
clarissa,309134,monday
clarissa,309328,monday
clarissa,309578,sunday
clarissa,310430,tomorrow
clarissa,310438,sunday
clarissa,310614,tomorrow
clarissa,311036,monday
clarissa,311049,monday
clarissa,311128,monday
clarissa,311130,may
clarissa,311202,yesterday
clarissa,313465,monday
clarissa,314249,tuesday
clarissa,314250,may
clarissa,314753,may
clarissa,315659,thursday
clarissa,315660,may
clarissa,316223,friday
clarissa,316224,may
clarissa,316441,tuesday
clarissa,316442,may
clarissa,318123,tuesday
clarissa,318124,may
clarissa,318573,may
clarissa,319570,wednesday
clarissa,319571,may
clarissa,321479,thursday
clarissa,321480,may
clarissa,322021,tuesday
clarissa,322355,monday
clarissa,322422,thursday
clarissa,322553,april
clarissa,327047,sunday
clarissa,327049,may
clarissa,328054,monday
clarissa,328572,monday
clarissa,329865,tuesday
clarissa,329866,may
clarissa,331227,wednesday
clarissa,332599,tuesday
clarissa,332600,may
clarissa,332860,wednesday
clarissa,332861,may
clarissa,334804,friday
clarissa,334805,may
clarissa,335153,tomorrow
clarissa,335193,sunday
clarissa,335194,may
clarissa,335837,tomorrow
clarissa,335864,thursday
clarissa,335865,may
clarissa,336264,tomorrow
clarissa,336447,saturday
clarissa,336448,may
clarissa,336675,saturday
clarissa,336677,may
clarissa,336911,saturday
clarissa,336912,may
clarissa,338570,sunday
clarissa,338571,may
clarissa,338999,may
clarissa,340727,monday
clarissa,340730,may
clarissa,341640,monday
clarissa,341955,tuesday
clarissa,341956,may
clarissa,345101,tuesday
clarissa,345103,may
clarissa,346245,wednesday
clarissa,346247,may
clarissa,346308,oclock
clarissa,347306,tomorrow
clarissa,347332,tomorrow
clarissa,347367,tomorrow
clarissa,349033,sunday
clarissa,349150,thursday
clarissa,349151,may
clarissa,349354,yesterday
clarissa,349402,tomorrow
clarissa,349750,wednesday
clarissa,349751,may
clarissa,350931,monday
clarissa,350932,may
clarissa,351481,may
clarissa,351866,may
clarissa,352300,friday
clarissa,352302,may
clarissa,354446,saturday
clarissa,354447,may
clarissa,354564,thursday
clarissa,357467,saturday
clarissa,357468,may
clarissa,357854,saturday
clarissa,357855,may
clarissa,358063,wednesday
clarissa,358117,wednesday
clarissa,358467,saturday
clarissa,359175,thursday
clarissa,359361,thursday
clarissa,359497,saturday
clarissa,359542,friday
clarissa,359652,saturday
clarissa,359909,friday
clarissa,359910,may
clarissa,360092,wednesday
clarissa,360298,saturday
clarissa,360299,may
clarissa,361448,may
clarissa,361471,sunday
clarissa,361472,may
clarissa,361956,monday
clarissa,361957,may
clarissa,363608,may
clarissa,363739,may
clarissa,365940,friday
clarissa,365941,may
clarissa,366682,sunday
clarissa,366683,may
clarissa,367508,today
clarissa,367724,april
clarissa,368022,may
clarissa,369397,may
clarissa,371126,today
clarissa,371348,sunday
clarissa,371350,may
clarissa,371513,oclock
clarissa,371603,oclock
clarissa,371610,yesterday
clarissa,373025,tomorrow
clarissa,373169,tomorrow
clarissa,373792,monday
clarissa,373987,monday
clarissa,373989,may
clarissa,374655,yesterday
clarissa,375503,oclock
clarissa,375699,monday
clarissa,375701,oclock
clarissa,376142,friday
clarissa,376567,monday
clarissa,376911,saturday
clarissa,377395,yesterday
clarissa,377461,sunday
clarissa,378717,saturday
clarissa,379468,tomorrow
clarissa,379602,tomorrow
clarissa,379617,tuesday
clarissa,379619,may
clarissa,380909,may
clarissa,382514,yesterday
clarissa,382664,sunday
clarissa,382933,tuesday
clarissa,382934,may
clarissa,383789,oclock
clarissa,384056,may
clarissa,384457,tomorrow
clarissa,384749,may
clarissa,385448,yesterday
clarissa,385595,may
clarissa,386018,tuesday
clarissa,386019,may
clarissa,388418,thursday
clarissa,388419,may
clarissa,388999,sunday
clarissa,391440,tomorrow
clarissa,393047,friday
clarissa,393379,sunday
clarissa,393380,may
clarissa,393415,sunday
clarissa,393526,saturday
clarissa,393527,may
clarissa,394805,saturday
clarissa,394806,may
clarissa,396399,sunday
clarissa,396400,may
clarissa,397171,may
clarissa,397878,tomorrow
clarissa,398188,yesterday
clarissa,398955,sunday
clarissa,399374,monday
clarissa,399878,sunday
clarissa,399988,tuesday
clarissa,400000,wednesday
clarissa,400221,yesterday
clarissa,400355,tuesday
clarissa,400488,tomorrow
clarissa,400517,oclock
clarissa,400616,sunday
clarissa,401073,tomorrow
clarissa,401391,may
clarissa,401420,tomorrow
clarissa,401649,tomorrow
clarissa,402250,monday
clarissa,402251,may
clarissa,407048,tuesday
clarissa,407049,may
clarissa,407532,wednesday
clarissa,407533,may
clarissa,407707,tomorrow
clarissa,408656,friday
clarissa,408657,june
clarissa,409503,june
clarissa,409835,monday
clarissa,409836,june
clarissa,411023,monday
clarissa,413105,tuesday
clarissa,413106,june
clarissa,416491,tuesday
clarissa,416494,june
clarissa,420012,wednesday
clarissa,420014,oclock
clarissa,420552,thursday
clarissa,420555,oclock
clarissa,420556,june
clarissa,422308,tomorrow
clarissa,423186,tomorrow
clarissa,423270,tomorrow
clarissa,424048,thursday
clarissa,424051,oclock
clarissa,424495,oclock
clarissa,424590,today
clarissa,424907,tomorrow
clarissa,425012,oclock
clarissa,425332,today
clarissa,425334,tomorrow
clarissa,425470,thursday
clarissa,425472,oclock
clarissa,425725,yesterday
clarissa,426382,tomorrow
clarissa,426511,tomorrow
clarissa,427204,tomorrow
clarissa,428230,thursday
clarissa,428232,june
clarissa,428561,may
clarissa,432583,wednesday
clarissa,432584,june
clarissa,433790,sunday
clarissa,434182,monday
clarissa,437684,may
clarissa,437708,thursday
clarissa,438960,thursday
clarissa,438962,june
clarissa,440627,tomorrow
clarissa,441173,friday
clarissa,441177,oclock
clarissa,441352,wednesday
clarissa,442018,thursday
clarissa,442019,june
clarissa,442180,thursday
clarissa,442181,june
clarissa,443742,friday
clarissa,443743,june
clarissa,443745,oclock
clarissa,444574,yesterday
clarissa,447261,friday
clarissa,447263,june
clarissa,448585,yesterday
clarissa,448952,yesterday
clarissa,452183,wednesday
clarissa,453190,oclock
clarissa,455677,june
clarissa,455686,tomorrow
clarissa,456250,tomorrow
clarissa,456698,monday
clarissa,457349,june
clarissa,457639,sunday
clarissa,457873,monday
clarissa,459507,june
clarissa,459670,may
clarissa,461883,wednesday
clarissa,461902,wednesday
clarissa,463472,may
clarissa,471880,yesterday
clarissa,471958,june
clarissa,472917,oclock
clarissa,472923,wednesday
clarissa,473634,wednesday
clarissa,475277,sunday
clarissa,475621,may
clarissa,475646,thursday
clarissa,476051,saturday
clarissa,476052,oclock
clarissa,476053,june
clarissa,476260,tuesday
clarissa,476302,wednesday
clarissa,476309,thursday
clarissa,476337,may
clarissa,476558,oclock
clarissa,476561,june
clarissa,476621,wednesday
clarissa,477815,yesterday
clarissa,478205,yesterday
clarissa,478347,saturday
clarissa,478349,oclock
clarissa,478734,june
clarissa,479332,yesterday
clarissa,479463,yesterday
clarissa,479663,thursday
clarissa,480993,yesterday
clarissa,481606,yesterday
clarissa,481757,wednesday
clarissa,487033,may
clarissa,487036,december
clarissa,487897,yesterday
clarissa,491876,monday
clarissa,494561,monday
clarissa,494889,tomorrow
clarissa,496495,sunday
clarissa,496497,june
clarissa,497116,sunday
clarissa,497171,yesterday
clarissa,499985,sunday
clarissa,502514,wednesday
clarissa,502532,thursday
clarissa,502655,wednesday
clarissa,502657,thursday
clarissa,502677,may
clarissa,503160,thursday
clarissa,503163,wednesday
clarissa,503601,wednesday
clarissa,504294,may
clarissa,506459,thursday
clarissa,506461,wednesday
clarissa,506525,tuesday
clarissa,507235,sunday
clarissa,507237,monday
clarissa,509650,monday
clarissa,509651,june
clarissa,511206,yesterday
clarissa,511858,wednesday
clarissa,511860,thursday
clarissa,513146,monday
clarissa,514896,monday
clarissa,514993,tomorrow
clarissa,516188,oclock
clarissa,516744,tuesday
clarissa,516746,june
clarissa,516789,thursday
clarissa,516790,july
clarissa,516807,june
clarissa,517824,thursday
clarissa,517825,june
clarissa,518446,today
clarissa,518627,tuesday
clarissa,518760,yesterday
clarissa,519569,friday
clarissa,519570,june
clarissa,519840,monday
clarissa,520203,monday
clarissa,524405,yesterday
clarissa,525075,sunday
clarissa,525077,oclock
clarissa,525078,june
clarissa,525491,sunday
clarissa,528509,monday
clarissa,528521,monday
clarissa,528523,oclock
clarissa,528524,june
clarissa,529828,oclock
clarissa,530980,monday
clarissa,530982,june
clarissa,532341,tomorrow
clarissa,532485,tomorrow
clarissa,532871,tomorrow
clarissa,533176,january
clarissa,533972,monday
clarissa,535274,tomorrow
clarissa,536439,tuesday
clarissa,536441,june
clarissa,536619,monday
clarissa,536620,june
clarissa,536785,june
clarissa,536990,tuesday
clarissa,536992,oclock
clarissa,537085,tomorrow
clarissa,538547,wednesday
clarissa,538739,may
clarissa,539953,wednesday
clarissa,539955,june
clarissa,539985,thursday
clarissa,540274,wednesday
clarissa,540458,tuesday
clarissa,540460,june
clarissa,540631,tomorrow
clarissa,540807,thursday
clarissa,540839,monday
clarissa,540840,june
clarissa,540911,thursday
clarissa,540917,june
clarissa,540984,wednesday
clarissa,541420,june
clarissa,541513,oclock
clarissa,542603,may
clarissa,542772,wednesday
clarissa,543164,tomorrow
clarissa,543166,friday
clarissa,543627,yesterday
clarissa,543814,thursday
clarissa,544413,wednesday
clarissa,544636,tomorrow
clarissa,544722,tuesday
clarissa,544723,june
clarissa,545474,thursday
clarissa,545476,june
clarissa,545781,yesterday
clarissa,545800,may
clarissa,546728,tomorrow
clarissa,546732,thursday
clarissa,547686,thursday
clarissa,547759,thursday
clarissa,548160,thursday
clarissa,548268,thursday
clarissa,548363,thursday
clarissa,548507,thursday
clarissa,548882,thursday
clarissa,549269,thursday
clarissa,549470,thursday
clarissa,549487,may
clarissa,549494,may
clarissa,549820,thursday
clarissa,550037,thursday
clarissa,550039,thursday
clarissa,550943,june
clarissa,550944,friday
clarissa,551041,tomorrow
clarissa,551251,tuesday
clarissa,551297,sunday
clarissa,551478,thursday
clarissa,551559,thursday
clarissa,551580,tomorrow
clarissa,552746,thursday
clarissa,552752,may
clarissa,553039,oclock
clarissa,553417,oclock
clarissa,553601,oclock
clarissa,556478,tomorrow
clarissa,556554,tomorrow
clarissa,556559,thursday
clarissa,556566,thursday
clarissa,557289,thursday
clarissa,557426,june
clarissa,557486,thursday
clarissa,557557,yesterday
clarissa,557604,thursday
clarissa,557841,thursday
clarissa,557948,thursday
clarissa,557995,wednesday
clarissa,558250,thursday
clarissa,558296,tomorrow
clarissa,558332,thursday
clarissa,558493,sunday
clarissa,558495,june
clarissa,558521,thursday
clarissa,558646,friday
clarissa,558798,thursday
clarissa,558804,thursday
clarissa,558876,monday
clarissa,558877,june
clarissa,558907,thursday
clarissa,558943,thursday
clarissa,559114,wednesday
clarissa,559126,thursday
clarissa,559128,friday
clarissa,559260,thursday
clarissa,559566,thursday
clarissa,559578,monday
clarissa,559579,june
clarissa,559675,friday
clarissa,559758,thursday
clarissa,560271,june
clarissa,560272,tuesday
clarissa,560607,thursday
clarissa,560799,june
clarissa,560800,tuesday
clarissa,561434,oclock
clarissa,561435,june
clarissa,561571,tomorrow
clarissa,561724,tomorrow
clarissa,561863,oclock
clarissa,561864,june
clarissa,562119,thursday
clarissa,562357,thursday
clarissa,562617,tuesday
clarissa,562619,june
clarissa,562684,thursday
clarissa,562817,thursday
clarissa,563010,june
clarissa,563012,oclock
clarissa,563335,wednesday
clarissa,563589,thursday
clarissa,563590,june
clarissa,563755,friday
clarissa,563770,saturday
clarissa,563785,sunday
clarissa,564099,friday
clarissa,564291,sunday
clarissa,564294,monday
clarissa,564296,tuesday
clarissa,564435,wednesday
clarissa,564850,thursday
clarissa,564913,yesterday
clarissa,564982,sunday
clarissa,567172,friday
clarissa,567173,june
clarissa,569553,yesterday
clarissa,569783,wednesday
clarissa,569785,june
clarissa,570215,friday
clarissa,570216,june
clarissa,570726,saturday
clarissa,570727,july
clarissa,571281,thursday
clarissa,571282,june
clarissa,571563,monday
clarissa,571564,july
clarissa,571733,thursday
clarissa,571734,june
clarissa,572226,saturday
clarissa,572227,july
clarissa,573973,thursday
clarissa,573974,june
clarissa,574045,june
clarissa,574141,sunday
clarissa,574165,monday
clarissa,574325,saturday
clarissa,574326,july
clarissa,574677,june
clarissa,574942,june
clarissa,575265,july
clarissa,575542,monday
clarissa,575543,july
clarissa,576329,sunday
clarissa,576331,july
clarissa,577105,may
clarissa,577794,may
clarissa,578466,tomorrow
clarissa,578492,monday
clarissa,578494,july
clarissa,579492,thursday
clarissa,579493,july
clarissa,580539,wednesday
clarissa,580540,july
clarissa,580624,june
clarissa,580892,wednesday
clarissa,581170,june
clarissa,581270,june
clarissa,581284,sunday
clarissa,581319,june
clarissa,582159,thursday
clarissa,582160,july
clarissa,582506,tomorrow
clarissa,582516,saturday
clarissa,582529,saturday
clarissa,583072,sunday
clarissa,583073,june
clarissa,583443,thursday
clarissa,583696,monday
clarissa,583700,june
clarissa,586424,wednesday
clarissa,592915,saturday
clarissa,592916,july
clarissa,592927,sunday
clarissa,592928,july
clarissa,592929,may
clarissa,593022,june
clarissa,593683,june
clarissa,593700,monday
clarissa,593892,june
clarissa,594359,monday
clarissa,594360,july
clarissa,595148,june
clarissa,595371,monday
clarissa,595372,july
clarissa,595529,tuesday
clarissa,595530,july
clarissa,596062,june
clarissa,596137,sunday
clarissa,596139,june
clarissa,596701,may
clarissa,596724,july
clarissa,597237,thursday
clarissa,597238,july
clarissa,598183,friday
clarissa,598184,july
clarissa,598994,yesterday
clarissa,599364,july
clarissa,599663,oclock
clarissa,599737,yesterday
clarissa,599860,saturday
clarissa,600208,sunday
clarissa,600210,july
clarissa,600239,yesterday
clarissa,600243,oclock
clarissa,600902,thursday
clarissa,600903,june
clarissa,600974,june
clarissa,601231,july
clarissa,601430,monday
clarissa,601431,july
clarissa,601441,monday
clarissa,601445,monday
clarissa,601446,july
clarissa,607283,thursday
clarissa,608093,thursday
clarissa,608442,july
clarissa,609399,tomorrow
clarissa,609487,thursday
clarissa,609489,july
clarissa,609494,tomorrow
clarissa,609582,yesterday
clarissa,610943,sunday
clarissa,610945,july
clarissa,610996,thursday
clarissa,611151,tomorrow
clarissa,611169,friday
clarissa,611180,tomorrow
clarissa,611394,tuesday
clarissa,611396,july
clarissa,611573,sunday
clarissa,611647,friday
clarissa,611949,july
clarissa,612046,sunday
clarissa,612056,friday
clarissa,612089,wednesday
clarissa,612093,friday
clarissa,612676,tuesday
clarissa,612697,saturday
clarissa,612914,july
clarissa,612942,thursday
clarissa,613004,friday
clarissa,613006,saturday
clarissa,613209,saturday
clarissa,613463,monday
clarissa,613681,wednesday
clarissa,613725,friday
clarissa,613733,saturday
clarissa,613768,sunday
clarissa,613943,saturday
clarissa,614068,thursday
clarissa,614292,tuesday
clarissa,614293,july
clarissa,614308,sunday
clarissa,614310,july
clarissa,614676,sunday
clarissa,614838,tomorrow
clarissa,616560,oclock
clarissa,617453,may
clarissa,618427,sunday
clarissa,618489,tomorrow
clarissa,619115,saturday
clarissa,619859,tomorrow
clarissa,621304,saturday
clarissa,621368,friday
clarissa,621372,sunday
clarissa,621695,tomorrow
clarissa,621754,oclock
clarissa,621884,monday
clarissa,621885,july
clarissa,624555,saturday
clarissa,624781,monday
clarissa,624782,july
clarissa,625091,july
clarissa,627094,thursday
clarissa,627862,tuesday
clarissa,627864,july
clarissa,627865,oclock
clarissa,628164,tuesday
clarissa,628165,july
clarissa,629038,tuesday
clarissa,629040,july
clarissa,631932,wednesday
clarissa,631933,july
clarissa,632558,yesterday
clarissa,633572,tomorrow
clarissa,633606,july
clarissa,635114,friday
clarissa,635437,thursday
clarissa,635439,july
clarissa,635779,tuesday
clarissa,636143,may
clarissa,636162,thursday
clarissa,636650,thursday
clarissa,636651,july
clarissa,637735,thursday
clarissa,638125,friday
clarissa,638126,july
clarissa,642780,friday
clarissa,642782,july
clarissa,644032,friday
clarissa,644034,july
clarissa,647701,may
clarissa,648021,july
clarissa,648964,monday
clarissa,649481,thursday
clarissa,649482,july
clarissa,649596,thursday
clarissa,649597,july
clarissa,649732,friday
clarissa,649733,july
clarissa,649850,friday
clarissa,649851,july
clarissa,650000,july
clarissa,650470,july
clarissa,650667,july
clarissa,651131,july
clarissa,651382,friday
clarissa,651659,monday
clarissa,651752,july
clarissa,652002,sunday
clarissa,652003,july
clarissa,652624,july
clarissa,654822,sunday
clarissa,654823,july
clarissa,655656,monday
clarissa,655657,july
clarissa,655968,may
clarissa,656008,monday
clarissa,656010,july
clarissa,656173,yesterday
clarissa,656368,yesterday
clarissa,656507,friday
clarissa,657133,friday
clarissa,657134,july
clarissa,657447,monday
clarissa,657448,july
clarissa,657740,tomorrow
clarissa,657744,wednesday
clarissa,657949,oclock
clarissa,657950,yesterday
clarissa,658472,saturday
clarissa,658473,july
clarissa,659480,wednesday
clarissa,659481,july
clarissa,659543,saturday
clarissa,659806,oclock
clarissa,660937,thursday
clarissa,660938,july
clarissa,660977,yesterday
clarissa,661003,yesterday
clarissa,661598,monday
clarissa,661733,monday
clarissa,662954,tuesday
clarissa,662955,july
clarissa,663155,thursday
clarissa,663257,sunday
clarissa,664573,may
clarissa,667178,thursday
clarissa,667179,july
clarissa,668583,thursday
clarissa,668584,july
clarissa,668871,friday
clarissa,668872,july
clarissa,673978,july
clarissa,673980,friday
clarissa,673982,july
clarissa,674013,sunday
clarissa,675679,monday
clarissa,675777,july
clarissa,676110,july
clarissa,676464,friday
clarissa,676465,july
clarissa,677158,may
clarissa,677190,friday
clarissa,677191,july
clarissa,677557,sunday
clarissa,677558,july
clarissa,679260,july
clarissa,679593,may
clarissa,679755,april
clarissa,679866,friday
clarissa,679867,july
clarissa,679869,thursday
clarissa,679870,july
clarissa,680322,monday
clarissa,680443,sunday
clarissa,680444,july
clarissa,683230,tomorrow
clarissa,683351,saturday
clarissa,683352,july
clarissa,683474,july
clarissa,683738,monday
clarissa,683739,july
clarissa,684624,wednesday
clarissa,684643,may
clarissa,685379,tuesday
clarissa,685391,saturday
clarissa,685414,yesterday
clarissa,686580,tuesday
clarissa,686992,thursday
clarissa,686996,oclock
clarissa,687131,tuesday
clarissa,687165,thursday
clarissa,687247,thursday
clarissa,687670,thursday
clarissa,688203,june
clarissa,688221,sunday
clarissa,688222,june
clarissa,688549,june
clarissa,689061,friday
clarissa,690005,friday
clarissa,690231,friday
clarissa,690397,yesterday
clarissa,690427,saturday
clarissa,690686,saturday
clarissa,691170,monday
clarissa,691202,saturday
clarissa,691203,july
clarissa,691205,thursday
clarissa,691612,tomorrow
clarissa,692138,thursday
clarissa,692142,monday
clarissa,692619,tuesday
clarissa,693978,friday
clarissa,693982,monday
clarissa,694435,monday
clarissa,695148,monday
clarissa,695151,tuesday
clarissa,695541,thursday
clarissa,695573,monday
clarissa,696521,saturday
clarissa,696523,sunday
clarissa,696619,wednesday
clarissa,696643,saturday
clarissa,696710,oclock
clarissa,696712,thursday
clarissa,696827,thursday
clarissa,697178,tuesday
clarissa,698116,friday
clarissa,698315,friday
clarissa,698550,monday
clarissa,699117,thursday
clarissa,699406,monday
clarissa,699592,friday
clarissa,700186,thursday
clarissa,700486,april
clarissa,700570,yesterday
clarissa,700809,tomorrow
clarissa,700892,sunday
clarissa,701020,may
clarissa,701126,april
clarissa,701542,may
clarissa,701631,monday
clarissa,702359,thursday
clarissa,702576,april
clarissa,702753,july
clarissa,702758,july
clarissa,702768,july
clarissa,703717,sunday
clarissa,703825,yesterday
clarissa,704920,tomorrow
clarissa,705004,monday
clarissa,705041,april
clarissa,705082,saturday
clarissa,705239,may
clarissa,705300,tuesday
clarissa,705645,thursday
clarissa,707916,monday
clarissa,707965,sunday
clarissa,708403,monday
clarissa,708466,yesterday
clarissa,708999,oclock
clarissa,709072,saturday
clarissa,709152,yesterday
clarissa,712102,tomorrow
clarissa,713377,tomorrow
clarissa,713423,tomorrow
clarissa,713449,tuesday
clarissa,714405,yesterday
clarissa,714711,yesterday
clarissa,715238,monday
clarissa,715803,may
clarissa,716771,tuesday
clarissa,716846,sunday
clarissa,716848,yesterday
clarissa,717002,saturday
clarissa,717318,saturday
clarissa,718224,saturday
clarissa,718447,sunday
clarissa,718670,may
clarissa,718867,sunday
clarissa,720323,oclock
clarissa,720324,yesterday
clarissa,720325,monday
clarissa,721565,tomorrow
clarissa,722042,yesterday
clarissa,722835,oclock
clarissa,722921,tuesday
clarissa,722923,oclock
clarissa,726603,tomorrow
clarissa,726692,oclock
clarissa,728085,wednesday
clarissa,728086,oclock
clarissa,728219,oclock
clarissa,728305,oclock
clarissa,728573,thursday
clarissa,728734,oclock
clarissa,728827,may
clarissa,729258,thursday
clarissa,729455,thursday
clarissa,730131,thursday
clarissa,730234,thursday
clarissa,730332,yesterday
clarissa,730333,friday
clarissa,730420,wednesday
clarissa,730577,thursday
clarissa,730804,monday
clarissa,731576,wednesday
clarissa,731845,yesterday
clarissa,733214,tomorrow
clarissa,733491,tomorrow
clarissa,733680,tomorrow
clarissa,733737,friday
clarissa,736305,may
clarissa,736504,monday
clarissa,737372,wednesday
clarissa,737390,tuesday
clarissa,737939,thursday
clarissa,737941,tuesday
clarissa,738079,yesterday
clarissa,738388,yesterday
clarissa,738446,tuesday
clarissa,739300,thursday
clarissa,740055,friday
clarissa,740489,may
clarissa,740541,friday
clarissa,742129,friday
clarissa,742592,wednesday
clarissa,744115,monday
clarissa,745593,monday
clarissa,745613,thursday
clarissa,745635,yesterday
clarissa,745652,friday
clarissa,746036,saturday
clarissa,746064,oclock
clarissa,746075,saturday
clarissa,746473,tomorrow
clarissa,746864,tomorrow
clarissa,746887,tuesday
clarissa,747152,yesterday
clarissa,747176,today
clarissa,747334,thursday
clarissa,748298,saturday
clarissa,748637,tomorrow
clarissa,748755,wednesday
clarissa,748827,yesterday
clarissa,749196,may
clarissa,750299,tuesday
clarissa,755496,tuesday
clarissa,756102,august
clarissa,758767,yesterday
clarissa,760271,wednesday
clarissa,761721,thursday
clarissa,761722,oclock
clarissa,762423,august
clarissa,762923,thursday
clarissa,762925,oclock
clarissa,763052,tuesday
clarissa,763460,yesterday
clarissa,763536,thursday
clarissa,764213,august
clarissa,764214,thursday
clarissa,765562,thursday
clarissa,766555,friday
clarissa,766853,april
clarissa,767043,april
clarissa,767605,friday
clarissa,767915,friday
clarissa,770098,yesterday
clarissa,770171,saturday
clarissa,770368,tuesday
clarissa,770437,yesterday
clarissa,770806,wednesday
clarissa,770909,monday
clarissa,771301,thursday
clarissa,771756,thursday
clarissa,772822,tomorrow
clarissa,772846,sunday
clarissa,773508,tomorrow
clarissa,773551,tomorrow
clarissa,773630,tomorrow
clarissa,773686,saturday
clarissa,773748,may
clarissa,774906,may
clarissa,775048,sunday
clarissa,775052,oclock
clarissa,775855,may
clarissa,776077,thursday
clarissa,776079,thursday
clarissa,777578,monday
clarissa,779821,friday
clarissa,780236,saturday
clarissa,780241,sunday
clarissa,780243,may
clarissa,780526,monday
clarissa,781794,yesterday
clarissa,781807,thursday
clarissa,781946,saturday
clarissa,783646,tuesday
clarissa,784001,yesterday
clarissa,785042,tuesday
clarissa,785150,yesterday
clarissa,785381,oclock
clarissa,786152,monday
clarissa,786159,tuesday
clarissa,786165,thursday
clarissa,787821,may
clarissa,788167,tuesday
clarissa,788170,oclock
clarissa,788261,oclock
clarissa,788487,may
clarissa,789619,oclock
clarissa,790580,oclock
clarissa,790700,oclock
clarissa,791077,wednesday
clarissa,791079,oclock
clarissa,791219,wednesday
clarissa,791867,wednesday
clarissa,791868,oclock
clarissa,791988,tomorrow
clarissa,792193,tuesday
clarissa,792957,oclock
clarissa,793101,tomorrow
clarissa,795042,wednesday
clarissa,795284,monday
clarissa,796609,oclock
clarissa,796720,oclock
clarissa,796864,oclock
clarissa,796943,oclock
clarissa,798115,thursday
clarissa,798117,oclock
clarissa,798126,thursday
clarissa,798482,oclock
clarissa,798560,oclock
clarissa,798561,thursday
clarissa,799649,may
clarissa,799743,oclock
clarissa,800767,may
clarissa,801164,oclock
clarissa,801419,friday
clarissa,801430,friday
clarissa,801699,wednesday
clarissa,801871,saturday
clarissa,801876,friday
clarissa,802061,tomorrow
clarissa,802447,saturday
clarissa,803154,friday
clarissa,803239,oclock
clarissa,803344,monday
clarissa,803436,sunday
clarissa,804744,yesterday
clarissa,804764,friday
clarissa,806427,may
clarissa,806451,may
clarissa,806467,may
clarissa,807419,may
clarissa,807684,may
clarissa,810915,saturday
clarissa,811459,sunday
clarissa,811461,oclock
clarissa,811698,sunday
clarissa,811700,oclock
clarissa,811921,oclock
clarissa,812317,yesterday
clarissa,814079,sunday
clarissa,815929,may
clarissa,817975,may
clarissa,819510,thursday
clarissa,819537,sunday
clarissa,819725,oclock
clarissa,821271,oclock
clarissa,824013,monday
clarissa,824165,monday
clarissa,825523,tuesday
clarissa,826409,sunday
clarissa,826909,thursday
clarissa,828167,saturday
clarissa,828749,friday
clarissa,829254,saturday
clarissa,830256,september
clarissa,830551,sunday
clarissa,834669,yesterday
clarissa,834707,yesterday
clarissa,837550,friday
clarissa,837949,september
clarissa,838713,thursday
clarissa,838726,tuesday
clarissa,840125,may
clarissa,840174,thursday
clarissa,840460,friday
clarissa,840547,saturday
clarissa,840548,sunday
clarissa,840554,monday
clarissa,841765,tomorrow
clarissa,842399,march
clarissa,843349,friday
clarissa,843382,wednesday
clarissa,843671,tuesday
clarissa,845331,tuesday
clarissa,847145,yesterday
clarissa,848592,monday
clarissa,849010,thursday
clarissa,850627,may
clarissa,852759,tuesday
clarissa,854777,thursday
clarissa,855934,today
clarissa,855942,tomorrow
clarissa,856059,monday
clarissa,858360,saturday
clarissa,858390,thursday
clarissa,858671,friday
clarissa,858706,monday
clarissa,858973,tuesday
clarissa,858986,yesterday
clarissa,860136,tomorrow
clarissa,860453,tomorrow
clarissa,860456,thursday
clarissa,860668,tomorrow
clarissa,860714,thursday
clarissa,860732,tomorrow
clarissa,860855,may
clarissa,861328,thursday
clarissa,862435,thursday
clarissa,862436,october
clarissa,866226,april
clarissa,868558,tomorrow
clarissa,868565,today
clarissa,868842,october
clarissa,869962,yesterday
clarissa,870319,march
clarissa,870659,tomorrow
clarissa,871225,december
clarissa,873184,tomorrow
clarissa,873211,yesterday
clarissa,873401,tomorrow
clarissa,873417,tomorrow
clarissa,873690,today
clarissa,873838,tomorrow
clarissa,873877,tomorrow
clarissa,873984,tomorrow
clarissa,874109,tomorrow
clarissa,874111,oclock
clarissa,874151,december
clarissa,875308,may
clarissa,875929,september
clarissa,876086,may
clarissa,877163,thursday
clarissa,880740,may
cranford,167,march
cranford,927,tomorrow
cranford,1395,halfpast
cranford,2968,november
cranford,4437,sunday
cranford,4508,monday
cranford,4554,sunday
cranford,4620,sunday
cranford,5420,yesterday
cranford,5597,august
cranford,9111,may
cranford,13160,today
cranford,13478,june
cranford,13483,june
cranford,13674,thursday
cranford,14994,march
cranford,15242,march
cranford,15307,march
cranford,16279,november
cranford,16402,tuesday
cranford,16634,sunday
cranford,16783,today
cranford,17205,november
cranford,17275,june
cranford,17559,october
cranford,17690,tomorrow
cranford,17709,tomorrow
cranford,18945,july
cranford,20071,december
cranford,24806,yesterday
cranford,27316,tuesday
cranford,27814,may
cranford,27822,halfpast
cranford,27849,halfpast
cranford,31472,sunday
cranford,31769,sunday
cranford,31915,tuesday
cranford,32043,tuesday
cranford,32118,tuesday
cranford,32725,tuesday
cranford,33007,tuesday
cranford,35731,november
cranford,35933,tuesday
cranford,36006,wednesday
cranford,36008,friday
cranford,36607,today
cranford,36701,tomorrow
cranford,39741,halfpast
cranford,47710,yesterday
cranford,52164,march
cranford,52547,tuesday
cranford,52787,tuesday
cranford,52851,friday
cranford,53031,friday
cranford,53317,tuesday
cranford,53514,thursday
cranford,54294,today
cranford,58153,today
cranford,59170,today
cranford,60968,sunday
cranford,61351,yesterday
cranford,62479,saturday
cranford,64386,tuesday
cranford,64453,sunday
cranford,66197,may
cranford,66334,may
cranford,67275,may
cranford,70168,yesterday
cranford,70698,october
cranford,71495,tomorrow
crusoe,1875,september
crusoe,8386,oclock
crusoe,15221,september
crusoe,24640,september
crusoe,24770,september
crusoe,26914,september
crusoe,27042,october
crusoe,27239,october
crusoe,27546,november
crusoe,27695,oclock
crusoe,27916,sunday
crusoe,28701,december
crusoe,29126,january
crusoe,29295,january
crusoe,29300,april
crusoe,29719,oclock
crusoe,30498,june
crusoe,30681,april
crusoe,30714,april
crusoe,31727,april
crusoe,31917,april
crusoe,32101,april
crusoe,32122,april
crusoe,32155,may
crusoe,32569,may
crusoe,32632,may
crusoe,32703,may
crusoe,32739,may
crusoe,32772,may
crusoe,32833,may
crusoe,32883,may
crusoe,32935,may
crusoe,32961,may
crusoe,33016,may
crusoe,33060,may
crusoe,33104,may
crusoe,33190,june
crusoe,33267,june
crusoe,33336,june
crusoe,33386,june
crusoe,33417,june
crusoe,33429,june
crusoe,33441,june
crusoe,33485,june
crusoe,33495,june
crusoe,33507,june
crusoe,33510,june
crusoe,33530,june
crusoe,33579,june
crusoe,35319,june
crusoe,36674,oclock
crusoe,36949,july
crusoe,36972,july
crusoe,36996,july
crusoe,37191,july
crusoe,37733,july
crusoe,37920,september
crusoe,37922,october
crusoe,38013,july
crusoe,39395,july
crusoe,39486,august
crusoe,39567,august
crusoe,39584,august
crusoe,39684,august
crusoe,39696,october
crusoe,39769,august
crusoe,39874,august
crusoe,40695,february
crusoe,40709,march
crusoe,40711,april
crusoe,40832,november
crusoe,41129,february
crusoe,41133,march
crusoe,41151,april
crusoe,41155,may
crusoe,41156,june
crusoe,41158,july
crusoe,41177,august
crusoe,41181,september
crusoe,41196,october
crusoe,41200,november
crusoe,41201,december
crusoe,41203,january
crusoe,43473,september
crusoe,44770,november
crusoe,44772,december
crusoe,45465,december
crusoe,52121,september
crusoe,53880,november
crusoe,55314,oclock
crusoe,61412,today
crusoe,61416,tomorrow
crusoe,61419,today
crusoe,61423,tomorrow
crusoe,61426,today
crusoe,61430,tomorrow
crusoe,71336,december
crusoe,72659,may
crusoe,72759,may
crusoe,72791,may
crusoe,77057,march
crusoe,81341,friday
crusoe,81657,friday
crusoe,81760,friday
crusoe,81837,friday
crusoe,81937,friday
crusoe,81970,friday
crusoe,82052,friday
crusoe,82340,friday
crusoe,82500,friday
crusoe,83129,friday
crusoe,83210,friday
crusoe,83438,friday
crusoe,84044,friday
crusoe,84179,friday
crusoe,84252,friday
crusoe,84360,friday
crusoe,84567,friday
crusoe,84568,friday
crusoe,84590,friday
crusoe,84646,friday
crusoe,84669,friday
crusoe,84692,friday
crusoe,84708,friday
crusoe,84721,friday
crusoe,84738,friday
crusoe,84765,friday
crusoe,85023,friday
crusoe,85319,friday
crusoe,85822,friday
crusoe,86225,friday
crusoe,86249,friday
crusoe,86438,friday
crusoe,87179,friday
crusoe,87634,friday
crusoe,87890,friday
crusoe,88033,friday
crusoe,88334,friday
crusoe,88448,friday
crusoe,88461,friday
crusoe,88736,friday
crusoe,88799,friday
crusoe,89083,friday
crusoe,89185,friday
crusoe,89290,friday
crusoe,89391,friday
crusoe,89423,friday
crusoe,89432,friday
crusoe,89452,friday
crusoe,89472,friday
crusoe,89517,friday
crusoe,89547,friday
crusoe,89608,friday
crusoe,89626,friday
crusoe,89631,friday
crusoe,89634,friday
crusoe,89810,friday
crusoe,89889,friday
crusoe,89955,friday
crusoe,90100,friday
crusoe,90206,friday
crusoe,90538,friday
crusoe,90941,friday
crusoe,91031,november
crusoe,91033,december
crusoe,91121,friday
crusoe,91161,friday
crusoe,91220,friday
crusoe,91255,friday
crusoe,91353,friday
crusoe,91363,friday
crusoe,91525,friday
crusoe,91616,friday
crusoe,91665,friday
crusoe,91746,friday
crusoe,91790,friday
crusoe,92077,friday
crusoe,92198,friday
crusoe,92240,friday
crusoe,92591,friday
crusoe,92593,friday
crusoe,92601,friday
crusoe,92606,friday
crusoe,92634,friday
crusoe,92682,friday
crusoe,92762,friday
crusoe,92801,friday
crusoe,92819,friday
crusoe,92848,friday
crusoe,92903,friday
crusoe,92943,friday
crusoe,92965,friday
crusoe,93067,friday
crusoe,93153,friday
crusoe,93421,friday
crusoe,93477,friday
crusoe,93674,friday
crusoe,93766,friday
crusoe,93861,friday
crusoe,93868,friday
crusoe,93877,friday
crusoe,93900,friday
crusoe,93934,friday
crusoe,93952,friday
crusoe,94022,friday
crusoe,94148,friday
crusoe,94196,friday
crusoe,94219,friday
crusoe,94528,friday
crusoe,94910,friday
crusoe,95064,friday
crusoe,95177,friday
crusoe,95192,friday
crusoe,95222,friday
crusoe,95411,friday
crusoe,95430,friday
crusoe,95456,friday
crusoe,95513,friday
crusoe,95689,friday
crusoe,95762,friday
crusoe,95796,friday
crusoe,95872,friday
crusoe,95906,friday
crusoe,96055,friday
crusoe,96215,friday
crusoe,97822,friday
crusoe,97936,friday
crusoe,97947,friday
crusoe,98409,friday
crusoe,98597,october
crusoe,98699,friday
crusoe,98846,friday
crusoe,99548,friday
crusoe,99574,friday
crusoe,99589,friday
crusoe,99598,friday
crusoe,100370,friday
crusoe,100456,oclock
crusoe,100550,friday
crusoe,101959,friday
crusoe,103354,friday
crusoe,103464,friday
crusoe,104596,friday
crusoe,104618,friday
crusoe,104724,friday
crusoe,104852,friday
crusoe,105007,friday
crusoe,105114,friday
crusoe,105422,friday
crusoe,105552,friday
crusoe,105620,friday
crusoe,106500,friday
crusoe,107067,friday
crusoe,107114,friday
crusoe,107140,friday
crusoe,107653,oclock
crusoe,108671,friday
crusoe,109959,december
crusoe,110024,june
crusoe,110444,april
crusoe,110448,friday
crusoe,114305,friday
crusoe,114471,october
crusoe,114624,friday
crusoe,115058,november
crusoe,115376,friday
crusoe,115394,friday
crusoe,115450,friday
crusoe,115578,friday
crusoe,115664,friday
crusoe,115733,friday
crusoe,115757,friday
crusoe,115780,friday
crusoe,116047,friday
crusoe,116113,friday
crusoe,116132,friday
crusoe,116182,friday
crusoe,116268,friday
crusoe,116287,friday
crusoe,116333,friday
crusoe,116457,friday
crusoe,116723,friday
crusoe,116811,friday
crusoe,116901,friday
crusoe,116937,friday
crusoe,117028,friday
crusoe,117058,friday
crusoe,117131,friday
crusoe,117145,friday
crusoe,117246,friday
crusoe,117301,friday
crusoe,117405,friday
crusoe,117823,friday
crusoe,118892,friday
crusoe,119733,january
fathers-and-sons,192,october
fathers-and-sons,671,september
fathers-and-sons,2834,april
fathers-and-sons,3777,may
fathers-and-sons,4733,may
fathers-and-sons,7294,today
fathers-and-sons,8121,today
fathers-and-sons,9501,yesterday
fathers-and-sons,9999,today
fathers-and-sons,10123,yesterday
fathers-and-sons,14460,today
fathers-and-sons,14723,today
fathers-and-sons,17419,today
fathers-and-sons,18050,june
fathers-and-sons,18242,yesterday
fathers-and-sons,21161,today
fathers-and-sons,23009,today
fathers-and-sons,23884,today
fathers-and-sons,23890,friday
fathers-and-sons,23909,friday
fathers-and-sons,23915,friday
fathers-and-sons,23917,friday
fathers-and-sons,23918,friday
fathers-and-sons,24024,tomorrow
fathers-and-sons,24424,today
fathers-and-sons,28455,oclock
fathers-and-sons,29850,tomorrow
fathers-and-sons,29874,tomorrow
fathers-and-sons,29965,june
fathers-and-sons,29978,today
fathers-and-sons,32563,tomorrow
fathers-and-sons,33501,today
fathers-and-sons,33601,oclock
fathers-and-sons,33658,halfpast
fathers-and-sons,37465,yesterday
fathers-and-sons,37781,yesterday
fathers-and-sons,38646,today
fathers-and-sons,38652,tomorrow
fathers-and-sons,39196,tomorrow
fathers-and-sons,39737,tomorrow
fathers-and-sons,39830,tomorrow
fathers-and-sons,42552,today
fathers-and-sons,44638,thursday
fathers-and-sons,44656,sunday
fathers-and-sons,47223,today
fathers-and-sons,47401,today
fathers-and-sons,47515,today
fathers-and-sons,49501,tomorrow
fathers-and-sons,49763,today
fathers-and-sons,49894,tomorrow
fathers-and-sons,51343,oclock
fathers-and-sons,52331,sunday
fathers-and-sons,53709,oclock
fathers-and-sons,55653,tomorrow
fathers-and-sons,56127,today
fathers-and-sons,56443,oclock
fathers-and-sons,57074,yesterday
fathers-and-sons,57722,today
fathers-and-sons,58304,tomorrow
fathers-and-sons,58781,oclock
fathers-and-sons,61233,yesterday
fathers-and-sons,62514,yesterday
fathers-and-sons,63176,sunday
fathers-and-sons,64914,yesterday
fathers-and-sons,65212,yesterday
fathers-and-sons,65595,yesterday
fathers-and-sons,66150,yesterday
fathers-and-sons,66302,yesterday
fathers-and-sons,67983,yesterday
fathers-and-sons,68570,today
fathers-and-sons,68951,today
fathers-and-sons,69526,oclock
fathers-and-sons,70162,tomorrow
fathers-and-sons,72795,january
fathers-and-sons,72922,oclock
fathers-and-sons,73273,may
frankenstein,47,yesterday
frankenstein,1132,june
frankenstein,1211,march
frankenstein,2518,july
frankenstein,2817,august
frankenstein,2856,monday
frankenstein,2857,july
frankenstein,2916,oclock
frankenstein,4196,august
frankenstein,5003,august
frankenstein,5004,yesterday
frankenstein,8791,century
frankenstein,14726,november
frankenstein,18422,march
frankenstein,19377,may
frankenstein,19761,sunday
frankenstein,19989,thursday
frankenstein,19990,may
frankenstein,20487,may
frankenstein,22688,today
frankenstein,22964,today
frankenstein,23361,oclock
frankenstein,23793,oclock
frankenstein,24048,oclock
frankenstein,26902,oclock
frankenstein,28151,august
frankenstein,29411,yesterday
frankenstein,31024,era
frankenstein,39973,august
frankenstein,42626,may
frankenstein,47188,may
frankenstein,48336,yesterday
frankenstein,49527,september
frankenstein,50751,december
frankenstein,51381,october
frankenstein,51386,february
frankenstein,51440,july
frankenstein,51475,march
frankenstein,51543,century
frankenstein,57037,oclock
frankenstein,62015,tomorrow
frankenstein,62071,may
frankenstein,64104,oclock
frankenstein,69681,august
frankenstein,70862,september
frankenstein,71182,september
frankenstein,71961,september
frankenstein,72005,september
frankenstein,72057,september
little-women,5,may
little-women,94,march
little-women,1066,march
little-women,1343,december
little-women,2052,tomorrow
little-women,2659,today
little-women,2672,tomorrow
little-women,2706,march
little-women,2801,march
little-women,2891,march
little-women,3554,march
little-women,4024,march
little-women,4056,march
little-women,4935,march
little-women,5387,may
little-women,5442,march
little-women,5624,march
little-women,5905,march
little-women,7843,march
little-women,7867,march
little-women,8301,march
little-women,8469,tomorrow
little-women,8494,march
little-women,9447,march
little-women,10152,march
little-women,10177,march
little-women,10255,march
little-women,11544,may
little-women,12396,march
little-women,12630,march
little-women,12795,march
little-women,13118,today
little-women,13277,march
little-women,13529,march
little-women,13703,march
little-women,13757,march
little-women,13847,march
little-women,14510,march
little-women,15215,today
little-women,15661,today
little-women,15792,today
little-women,16244,today
little-women,16532,march
little-women,17887,march
little-women,19039,march
little-women,19085,march
little-women,20877,march
little-women,21800,march
little-women,22128,march
little-women,22219,march
little-women,22277,oclock
little-women,22953,march
little-women,23266,march
little-women,23382,march
little-women,24648,march
little-women,24821,march
little-women,24879,march
little-women,25167,march
little-women,25490,march
little-women,25580,march
little-women,25931,march
little-women,26004,march
little-women,26181,march
little-women,26718,march
little-women,26768,saturday
little-women,27390,march
little-women,27965,yesterday
little-women,28070,march
little-women,28212,march
little-women,28299,march
little-women,28437,march
little-women,28460,tomorrow
little-women,28613,march
little-women,29381,march
little-women,29573,march
little-women,29894,march
little-women,29959,march
little-women,30368,today
little-women,30937,today
little-women,31053,april
little-women,31251,march
little-women,31414,sunday
little-women,31875,march
little-women,32466,march
little-women,32932,thursday
little-women,33374,thursday
little-women,33509,august
little-women,33653,thursday
little-women,33960,thursday
little-women,35638,tomorrow
little-women,35690,tomorrow
little-women,35712,tomorrow
little-women,35867,saturday
little-women,35934,sunday
little-women,36118,march
little-women,36207,march
little-women,36256,march
little-women,36490,march
little-women,36898,march
little-women,37160,march
little-women,37589,saturday
little-women,37658,oclock
little-women,37793,may
little-women,38615,october
little-women,38733,march
little-women,38872,friday
little-women,39315,saturday
little-women,39353,wednesday
little-women,40622,june
little-women,40630,tomorrow
little-women,40680,march
little-women,40682,today
little-women,40856,march
little-women,41075,may
little-women,41083,march
little-women,41110,saturday
little-women,41196,oclock
little-women,41669,march
little-women,41861,friday
little-women,41884,march
little-women,41925,saturday
little-women,42198,march
little-women,42607,march
little-women,42624,today
little-women,43178,march
little-women,43973,march
little-women,43979,june
little-women,44092,march
little-women,44184,june
little-women,44266,tomorrow
little-women,44275,march
little-women,44404,march
little-women,44872,july
little-women,44926,march
little-women,45025,march
little-women,45101,march
little-women,45485,tomorrow
little-women,45869,march
little-women,45946,today
little-women,45952,tomorrow
little-women,47576,march
little-women,48700,march
little-women,50424,march
little-women,52140,september
little-women,52793,may
little-women,54660,tomorrow
little-women,55492,may
little-women,55670,october
little-women,57121,march
little-women,58164,saturday
little-women,58601,march
little-women,58667,march
little-women,58712,march
little-women,58858,today
little-women,58975,november
little-women,59043,november
little-women,59341,march
little-women,59590,march
little-women,59639,march
little-women,59703,march
little-women,60315,march
little-women,60412,march
little-women,60592,march
little-women,60618,march
little-women,60645,march
little-women,61090,march
little-women,61171,march
little-women,61244,march
little-women,61734,march
little-women,61786,tomorrow
little-women,61811,oclock
little-women,61813,march
little-women,61890,march
little-women,62038,tomorrow
little-women,62492,march
little-women,62826,march
little-women,62947,march
little-women,63203,march
little-women,63411,today
little-women,63426,march
little-women,64202,yesterday
little-women,64744,march
little-women,64747,march
little-women,64825,monday
little-women,64998,march
little-women,65286,march
little-women,65694,tomorrow
little-women,66644,march
little-women,67488,march
little-women,67652,march
little-women,67772,march
little-women,67906,march
little-women,68053,march
little-women,68537,december
little-women,68598,march
little-women,68687,march
little-women,69474,yesterday
little-women,69758,yesterday
little-women,69961,march
little-women,70917,tomorrow
little-women,71101,march
little-women,71129,march
little-women,71212,march
little-women,71447,march
little-women,71533,march
little-women,71798,march
little-women,71877,march
little-women,71953,march
little-women,72439,march
little-women,72590,march
little-women,72937,march
little-women,73319,yesterday
little-women,73587,march
little-women,73968,march
little-women,74620,march
little-women,74665,march
little-women,74837,march
little-women,75142,march
little-women,75186,today
little-women,75255,march
little-women,75326,march
little-women,75477,may
little-women,75592,march
little-women,75649,march
little-women,75739,march
little-women,76088,march
little-women,76306,march
little-women,76709,march
little-women,76928,march
little-women,76974,march
little-women,77023,march
little-women,77162,march
little-women,77515,march
little-women,77923,march
little-women,77989,march
little-women,78118,march
little-women,78167,march
little-women,78377,march
little-women,78490,march
little-women,78520,march
little-women,81488,march
little-women,81729,march
little-women,81862,may
little-women,82113,march
little-women,82255,march
little-women,82329,march
little-women,82398,march
little-women,82521,march
little-women,82542,march
little-women,82573,march
little-women,82620,march
little-women,82657,march
little-women,83031,march
little-women,83068,today
little-women,83337,march
little-women,83769,today
little-women,83972,march
little-women,83988,march
little-women,84074,march
little-women,84867,today
little-women,85647,march
little-women,85791,march
little-women,85887,march
little-women,85953,march
little-women,85994,march
little-women,86060,march
little-women,86124,march
little-women,86172,march
little-women,86284,march
little-women,86482,march
little-women,86601,march
little-women,86711,march
little-women,86775,march
little-women,87123,march
little-women,87299,march
little-women,87314,march
little-women,87439,march
little-women,88363,march
little-women,88406,march
little-women,88457,august
little-women,88706,march
little-women,89009,march
little-women,89203,march
little-women,90405,march
little-women,90967,march
little-women,91059,march
little-women,91117,march
little-women,91202,march
little-women,91337,tomorrow
little-women,91671,tomorrow
little-women,91751,tomorrow
little-women,92239,tomorrow
little-women,92671,june
little-women,92987,today
little-women,93001,april
little-women,93189,today
little-women,93447,march
little-women,93636,march
little-women,93738,today
little-women,93792,march
little-women,93875,march
little-women,94112,march
little-women,94205,march
little-women,94488,today
little-women,94687,march
little-women,94726,march
little-women,94814,march
little-women,95136,june
little-women,96306,march
little-women,96375,march
little-women,96713,march
little-women,97172,monday
little-women,97350,monday
little-women,97358,tuesday
little-women,97371,monday
little-women,97698,today
little-women,97737,tuesday
little-women,97762,today
little-women,97765,march
little-women,98010,march
little-women,98362,oclock
little-women,98389,today
little-women,98443,march
little-women,98803,march
little-women,98939,march
little-women,100567,march
little-women,100982,march
little-women,102710,march
little-women,102731,oclock
little-women,105486,march
little-women,106932,saturday
little-women,107155,march
little-women,107698,today
little-women,107901,july
little-women,107970,march
little-women,108091,today
little-women,108561,march
little-women,109008,march
little-women,109164,may
little-women,109187,march
little-women,110113,may
little-women,110688,march
little-women,111070,march
little-women,111071,today
little-women,111108,march
little-women,112015,march
little-women,112163,march
little-women,112170,march
little-women,112220,march
little-women,112289,march
little-women,112356,march
little-women,112504,march
little-women,112697,may
little-women,112792,march
little-women,113155,may
little-women,113227,may
little-women,113313,may
little-women,114019,may
little-women,114075,may
little-women,114965,march
little-women,115194,may
little-women,115245,may
little-women,115320,may
little-women,115446,march
little-women,115451,may
little-women,115577,march
little-women,115623,may
little-women,115678,march
little-women,116208,march
little-women,118133,today
little-women,119602,oclock
little-women,120352,yesterday
little-women,121031,march
little-women,121430,saturday
little-women,124116,yesterday
little-women,124169,march
little-women,124285,may
little-women,124343,march
little-women,124740,march
little-women,125187,november
little-women,125872,tomorrow
little-women,125873,tuesday
little-women,126584,oclock
little-women,126981,thursday
little-women,126982,yesterday
little-women,127173,today
little-women,127271,march
little-women,127364,today
little-women,127490,saturday
little-women,127674,saturday
little-women,127957,december
little-women,128084,saturday
little-women,129346,january
little-women,130032,march
little-women,135104,century
little-women,135527,june
little-women,136187,march
little-women,136235,tomorrow
little-women,139864,march
little-women,139983,march
little-women,142386,oclock
little-women,143535,june
little-women,144910,today
little-women,145444,may
little-women,147803,may
little-women,153553,may
little-women,156067,may
little-women,156078,oclock
little-women,161373,may
little-women,165118,march
little-women,165433,march
little-women,165966,march
little-women,166659,tomorrow
little-women,168897,yesterday
little-women,169941,march
little-women,170082,march
little-women,170353,march
little-women,170359,march
little-women,170412,millennium
little-women,171300,march
little-women,172588,march
little-women,172610,march
little-women,172632,march
little-women,172654,march
little-women,172852,march
little-women,173128,march
little-women,173250,march
little-women,173275,march
little-women,173672,yesterday
little-women,173810,may
little-women,173992,yesterday
little-women,174716,march
little-women,176334,march
little-women,176401,march
little-women,176571,today
little-women,176791,march
little-women,177563,march
little-women,178060,may
little-women,178890,may
little-women,180810,april
little-women,181102,may
little-women,181995,march
little-women,182253,march
little-women,182487,march
little-women,183575,march
little-women,184168,october
little-women,184318,march
little-women,184411,march
little-women,184602,oclock
little-women,184791,march
little-women,184963,march
little-women,185030,march
little-women,185121,march
little-women,185166,march
little-women,185697,march
little-women,185928,march
little-women,186018,march
middlemarch,2313,today
middlemarch,2492,today
middlemarch,2501,today
middlemarch,2593,september
middlemarch,2601,april
middlemarch,5074,saturday
middlemarch,8061,october
middlemarch,8151,oclock
middlemarch,9918,yesterday
middlemarch,17767,sunday
middlemarch,18296,november
middlemarch,18397,saturday
middlemarch,19117,yesterday
middlemarch,21657,today
middlemarch,25682,november
middlemarch,35302,october
middlemarch,35440,halfpast
middlemarch,36181,oclock
middlemarch,37181,today
middlemarch,37209,tomorrow
middlemarch,39360,sunday
middlemarch,44095,halfpast
middlemarch,44113,oclock
middlemarch,47708,tomorrow
middlemarch,49518,may
middlemarch,49550,yesterday
middlemarch,51236,today
middlemarch,53998,era
middlemarch,54094,century
middlemarch,55110,millennium
middlemarch,58962,tomorrow
middlemarch,60015,oclock
middlemarch,60069,oclock
middlemarch,62005,century
middlemarch,63111,today
middlemarch,65359,may
middlemarch,65868,friday
middlemarch,76326,tomorrow
middlemarch,78352,tomorrow
middlemarch,78784,today
middlemarch,80545,tomorrow
middlemarch,80557,today
middlemarch,81745,tomorrow
middlemarch,90046,today
middlemarch,91240,wednesday
middlemarch,91853,today
middlemarch,91884,today
middlemarch,96614,tomorrow
middlemarch,97405,yesterday
middlemarch,97604,thursday
middlemarch,101976,january
middlemarch,104077,century
middlemarch,104866,century
middlemarch,107584,march
middlemarch,108487,tomorrow
middlemarch,114143,sunday
middlemarch,116345,halfpast
middlemarch,117634,oclock
middlemarch,118261,oclock
middlemarch,118445,oclock
middlemarch,119372,tomorrow
middlemarch,119803,may
middlemarch,119821,may
middlemarch,119833,may
middlemarch,124648,august
middlemarch,124667,july
middlemarch,124701,march
middlemarch,125883,tomorrow
middlemarch,133659,tomorrow
middlemarch,137513,today
middlemarch,137727,oclock
middlemarch,137809,today
middlemarch,137874,today
middlemarch,137985,today
middlemarch,139672,may
middlemarch,140350,yesterday
middlemarch,142919,yesterday
middlemarch,142921,century
middlemarch,142929,century
middlemarch,144571,oclock
middlemarch,147209,today
middlemarch,148123,sunday
middlemarch,148935,sunday
middlemarch,150143,oclock
middlemarch,150885,august
middlemarch,151137,yesterday
middlemarch,152610,tomorrow
middlemarch,153147,may
middlemarch,158343,halfpast
middlemarch,161183,oclock
middlemarch,161873,may
middlemarch,162765,may
middlemarch,167741,august
middlemarch,171134,era
middlemarch,173257,yesterday
middlemarch,173841,march
middlemarch,175286,saturday
middlemarch,176178,sunday
middlemarch,176396,sunday
middlemarch,176557,sunday
middlemarch,176896,sunday
middlemarch,177667,sunday
middlemarch,177729,today
middlemarch,178040,today
middlemarch,178083,sunday
middlemarch,178789,tomorrow
middlemarch,179129,tomorrow
middlemarch,179134,tomorrow
middlemarch,180160,yesterday
middlemarch,180219,may
middlemarch,181174,december
middlemarch,181979,tomorrow
middlemarch,188725,may
middlemarch,191405,june
middlemarch,194524,may
middlemarch,197584,tomorrow
middlemarch,198066,halfpast
middlemarch,198402,may
middlemarch,200164,oclock
middlemarch,201661,june
middlemarch,202116,sunday
middlemarch,208560,oclock
middlemarch,209256,today
middlemarch,209403,today
middlemarch,210430,today
middlemarch,211503,tomorrow
middlemarch,211509,oclock
middlemarch,214311,tomorrow
middlemarch,214467,oclock
middlemarch,214990,tomorrow
middlemarch,215116,oclock
middlemarch,223899,tomorrow
middlemarch,224341,tomorrow
middlemarch,224933,tomorrow
middlemarch,227945,century
middlemarch,230780,tomorrow
middlemarch,231055,today
middlemarch,234019,today
middlemarch,234263,oclock
middlemarch,234640,may
middlemarch,238240,today
middlemarch,238829,today
middlemarch,239495,tomorrow
middlemarch,242159,tomorrow
middlemarch,246335,today
middlemarch,248312,may
middlemarch,256150,march
middlemarch,259399,halfpast
middlemarch,259406,oclock
middlemarch,259662,halfpast
middlemarch,260879,may
middlemarch,261855,oclock
middlemarch,262136,yesterday
middlemarch,264729,tomorrow
middlemarch,265554,tomorrow
middlemarch,267221,yesterday
middlemarch,267278,yesterday
middlemarch,267928,oclock
middlemarch,268900,oclock
middlemarch,269269,halfpast
middlemarch,269385,oclock
middlemarch,271482,yesterday
middlemarch,271555,friday
middlemarch,271560,wednesday
middlemarch,274883,oclock
middlemarch,276903,april
middlemarch,278503,may
middlemarch,281317,thursday
middlemarch,281326,yesterday
middlemarch,282502,thursday
middlemarch,284055,oclock
middlemarch,289881,may
middlemarch,291702,yesterday
middlemarch,293944,yesterday
middlemarch,295463,halfpast
middlemarch,295887,oclock
middlemarch,297338,yesterday
middlemarch,297943,yesterday
middlemarch,298598,today
middlemarch,298870,oclock
middlemarch,299050,yesterday
middlemarch,299246,today
middlemarch,299359,today
middlemarch,299458,yesterday
middlemarch,299893,yesterday
middlemarch,300085,yesterday
middlemarch,300309,yesterday
middlemarch,300682,yesterday
middlemarch,300688,today
middlemarch,300986,yesterday
middlemarch,301907,yesterday
middlemarch,301954,yesterday
middlemarch,302438,may
middlemarch,303861,halfpast
middlemarch,303965,yesterday
middlemarch,304429,today
middlemarch,304461,saturday
middlemarch,308372,yesterday
middlemarch,309912,tomorrow
middlemarch,312664,wednesday
middlemarch,315956,tomorrow
midlothian,449,june
midlothian,4004,thursday
midlothian,4371,july
midlothian,5664,april
midlothian,7311,april
midlothian,7651,century
midlothian,11516,may
midlothian,13049,saturday
midlothian,14474,september
midlothian,18418,may
midlothian,19484,wednesday
midlothian,19486,september
midlothian,25581,yesterday
midlothian,55260,may
midlothian,60523,may
midlothian,62542,yesterday
midlothian,62571,today
midlothian,62670,wednesday
midlothian,67237,may
midlothian,68439,may
midlothian,69222,tomorrow
midlothian,69223,tomorrow
midlothian,69237,tomorrow
midlothian,69392,may
midlothian,72412,july
midlothian,74252,yesterday
midlothian,74261,yesterday
midlothian,74271,yesterday
midlothian,78491,saturday
midlothian,78493,friday
midlothian,81956,yesterday
midlothian,84162,sunday
midlothian,86936,june
midlothian,87388,monday
midlothian,87389,tuesday
midlothian,87390,january
midlothian,87391,february
midlothian,90119,oclock
midlothian,90836,oclock
midlothian,91243,may
midlothian,106351,wednesday
midlothian,106366,oclock
midlothian,107938,tomorrow
midlothian,108728,october
midlothian,110487,tomorrow
midlothian,110521,may
midlothian,110557,may
midlothian,110666,may
midlothian,119739,tomorrow
midlothian,122146,march
midlothian,122167,march
midlothian,122172,april
midlothian,122199,march
midlothian,128209,tomorrow
midlothian,134670,may
midlothian,134680,today
midlothian,134791,sunday
midlothian,134819,sunday
midlothian,134821,saturday
midlothian,135508,sunday
midlothian,136186,sunday
midlothian,139457,century
midlothian,139655,today
midlothian,140319,today
midlothian,150648,oclock
midlothian,156184,tomorrow
midlothian,158426,yesterday
midlothian,161001,yesterday
midlothian,163244,may
midlothian,166374,tomorrow
midlothian,167108,oclock
midlothian,168049,may
midlothian,168505,oclock
midlothian,175182,tomorrow
midlothian,175201,today
midlothian,175206,tomorrow
midlothian,181178,sunday
midlothian,181180,saturday
midlothian,182014,sunday
midlothian,182273,may
midlothian,184861,century
midlothian,188835,tomorrow
midlothian,189377,today
midlothian,190839,may
midlothian,190916,may
midlothian,191026,may
midlothian,191099,may
midlothian,191128,may
midlothian,191527,may
midlothian,191792,may
midlothian,204016,may
midlothian,205336,may
midlothian,205426,february
midlothian,205444,may
midlothian,205660,may
midlothian,208064,may
midlothian,209645,may
midlothian,215765,may
midlothian,215865,tomorrow
midlothian,216972,oclock
midlothian,217627,may
midlothian,221560,tomorrow
midlothian,222109,tomorrow
midlothian,223119,may
midlothian,223896,july
midlothian,225064,october
midlothian,225273,december
midlothian,225707,september
midlothian,228745,friday
midlothian,228761,tuesday
midlothian,229173,march
midlothian,231106,october
midlothian,231689,thursday
midlothian,231955,thursday
midlothian,231983,thursday
midlothian,232378,century
midlothian,232861,december
midlothian,233509,march
midlothian,236461,march
midlothian,237075,sunday
mrs-dalloway,229,june
mrs-dalloway,231,july
mrs-dalloway,541,june
mrs-dalloway,548,june
mrs-dalloway,613,june
mrs-dalloway,1286,june
mrs-dalloway,4545,wednesday
mrs-dalloway,8823,today
mrs-dalloway,9179,june
mrs-dalloway,11248,june
mrs-dalloway,11249,july
mrs-dalloway,11250,august
mrs-dalloway,11283,june
mrs-dalloway,12369,oclock
mrs-dalloway,15337,halfpast
mrs-dalloway,15521,halfpast
mrs-dalloway,15560,halfpast
mrs-dalloway,16042,tomorrow
mrs-dalloway,16357,halfpast
mrs-dalloway,18411,august
mrs-dalloway,20204,oclock
mrs-dalloway,23333,sunday
mrs-dalloway,25379,may
mrs-dalloway,26175,may
mrs-dalloway,26355,may
mrs-dalloway,26395,may
mrs-dalloway,26430,may
mrs-dalloway,27521,oclock
mrs-dalloway,30265,oclock
mrs-dalloway,30306,oclock
mrs-dalloway,30548,thursday
mrs-dalloway,32875,june
mrs-dalloway,32937,halfpast
mrs-dalloway,35799,june
mrs-dalloway,35912,wednesday
mrs-dalloway,39391,wednesday
mrs-dalloway,39392,thursday
mrs-dalloway,39393,friday
mrs-dalloway,39394,saturday
mrs-dalloway,39825,century
mrs-dalloway,42025,tuesday
mrs-dalloway,42260,tuesday
mrs-dalloway,43660,oclock
mrs-dalloway,50314,oclock
mrs-dalloway,51333,august
mrs-dalloway,52155,sunday
mrs-dalloway,54799,tomorrow
mrs-dalloway,56221,tomorrow
mrs-dalloway,56562,century
romola,134,today
romola,2172,century
romola,2523,saturday
romola,3167,century
romola,3201,april
romola,4730,century
romola,11846,april
romola,12250,century
romola,16740,century
romola,16837,century
romola,16965,century
romola,17063,august
romola,17069,august
romola,17390,century
romola,19947,century
romola,22382,century
romola,22427,century
romola,23028,century
romola,23952,century
romola,25191,era
romola,27640,tomorrow
romola,28589,tomorrow
romola,29143,may
romola,29482,century
romola,29539,century
romola,30583,today
romola,31299,century
romola,31487,century
romola,32359,century
romola,34717,century
romola,37813,tomorrow
romola,39111,tomorrow
romola,41959,tomorrow
romola,48100,today
romola,48103,yesterday
romola,48958,today
romola,51079,september
romola,54480,century
romola,55471,tomorrow
romola,55685,tomorrow
romola,58665,tomorrow
romola,64715,today
romola,80055,november
romola,80171,november
romola,80606,oclock
romola,81080,september
romola,83165,november
romola,92099,oclock
romola,93014,november
romola,93086,oclock
romola,93364,tomorrow
romola,94077,tomorrow
romola,97155,tomorrow
romola,97271,today
romola,97358,today
romola,97861,today
romola,98032,tomorrow
romola,98095,today
romola,100470,november
romola,101438,november
romola,101498,tomorrow
romola,101565,today
romola,104041,november
romola,107342,today
romola,107403,today
romola,108707,tomorrow
romola,108760,yesterday
romola,111794,tomorrow
romola,112816,yesterday
romola,113345,tomorrow
romola,113845,century
romola,115838,tomorrow
romola,115905,tomorrow
romola,117024,november
romola,118365,oclock
romola,121828,tomorrow
romola,123689,december
romola,124574,tomorrow
romola,132542,november
romola,139003,tomorrow
romola,144081,october
romola,144874,century
romola,148621,today
romola,148636,today
romola,153621,today
romola,153819,yesterday
romola,157409,tomorrow
romola,161774,yesterday
romola,165662,tomorrow
romola,165792,saturday
romola,166250,february
romola,166382,february
romola,171927,today
romola,172448,april
romola,175966,today
romola,177815,june
romola,178778,july
romola,184973,august
romola,186168,august
romola,187199,today
romola,190648,august
romola,196650,oclock
romola,196658,february
romola,197226,tomorrow
romola,198541,march
romola,201319,sunday
romola,202027,october
romola,205203,tomorrow
romola,205935,august
romola,206072,may
romola,206475,april
romola,209622,sunday
romola,209625,sunday
romola,211012,yesterday
romola,218997,march
romola,219301,april
romola,220526,april
romola,221304,april
romola,224098,may
romola,224414,may
romola,225238,may
romola,226409,tomorrow
ulysses,4543,today
ulysses,4575,today
ulysses,6585,today
ulysses,8051,thursday
ulysses,10317,may
ulysses,11220,tomorrow
ulysses,11250,today
ulysses,13490,february
ulysses,16338,monday
ulysses,16501,may
ulysses,17083,tuesday
ulysses,17725,thursday
ulysses,18600,oclock
ulysses,19641,today
ulysses,21521,yesterday
ulysses,21540,monday
ulysses,21581,saturday
ulysses,21648,yesterday
ulysses,22048,august
ulysses,22671,yesterday
ulysses,24173,today
ulysses,24412,today
ulysses,24560,friday
ulysses,24563,thursday
ulysses,24577,monday
ulysses,24623,monday
ulysses,25921,today
ulysses,26081,sunday
ulysses,27319,sunday
ulysses,29048,today
ulysses,29269,today
ulysses,30089,sunday
ulysses,32977,saturday
ulysses,32994,monday
ulysses,33174,tomorrow
ulysses,33226,march
ulysses,33390,thursday
ulysses,33393,tomorrow
ulysses,35083,monday
ulysses,37760,tomorrow
ulysses,37830,march
ulysses,37832,june
ulysses,37935,friday
ulysses,37939,friday
ulysses,37942,thursday
ulysses,38601,monday
ulysses,38833,tuesday
ulysses,39662,sunday
ulysses,41076,today
ulysses,41496,july
ulysses,42166,august
ulysses,43898,today
ulysses,46113,may
ulysses,46305,march
ulysses,48800,today
ulysses,49171,saturday
ulysses,49365,saturday
ulysses,49501,today
ulysses,50214,june
ulysses,52006,today
ulysses,52410,may
ulysses,52683,may
ulysses,52714,tomorrow
ulysses,52918,monday
ulysses,53386,tuesday
ulysses,53926,yesterday
ulysses,55734,today
ulysses,55806,today
ulysses,56598,saturday
ulysses,56748,sunday
ulysses,56772,may
ulysses,57199,today
ulysses,59082,today
ulysses,59313,oclock
ulysses,59509,june
ulysses,59787,may
ulysses,60287,today
ulysses,60484,yesterday
ulysses,61520,today
ulysses,61521,today
ulysses,62244,today
ulysses,62601,today
ulysses,64274,june
ulysses,65452,thursday
ulysses,67057,saturday
ulysses,73130,today
ulysses,73284,may
ulysses,74399,today
ulysses,77804,may
ulysses,78141,june
ulysses,79878,oclock
ulysses,81783,yesterday
ulysses,82616,monday
ulysses,85434,may
ulysses,85652,tomorrow
ulysses,85657,monday
ulysses,85879,saturday
ulysses,88190,today
ulysses,88690,today
ulysses,88846,today
ulysses,89267,today
ulysses,90253,oclock
ulysses,93331,today
ulysses,94857,today
ulysses,94957,today
ulysses,95235,today
ulysses,101765,june
ulysses,104670,friday
ulysses,105380,march
ulysses,105694,oclock
ulysses,107986,oclock
ulysses,108129,sunday
ulysses,108481,today
ulysses,108659,tomorrow
ulysses,111516,oclock
ulysses,112794,today
ulysses,112945,today
ulysses,113214,may
ulysses,114788,may
ulysses,115288,today
ulysses,115827,today
ulysses,115865,yesterday
ulysses,115998,august
ulysses,119339,march
ulysses,121848,thursday
ulysses,121957,may
ulysses,122375,tuesday
ulysses,122767,friday
ulysses,123233,november
ulysses,126897,tuesday
ulysses,126900,monday
ulysses,130345,tomorrow
ulysses,130573,today
ulysses,130619,today
ulysses,131856,today
ulysses,132570,today
ulysses,133159,may
ulysses,133163,december
ulysses,134053,tomorrow
ulysses,134162,today
ulysses,134218,today
ulysses,134549,today
ulysses,134602,june
ulysses,134733,tomorrow
ulysses,135617,oclock
ulysses,136380,monday
ulysses,136488,tomorrow
ulysses,136682,tomorrow
ulysses,140103,millennium
ulysses,143225,thursday
ulysses,143227,june
ulysses,143335,february
ulysses,146854,century
ulysses,147297,tomorrow
ulysses,147460,today
ulysses,147840,may
ulysses,148801,today
ulysses,151897,yesterday
ulysses,151900,today
ulysses,151983,today
ulysses,152105,today
ulysses,154742,may
ulysses,155881,march
ulysses,156554,today
ulysses,157041,today
ulysses,157163,may
ulysses,159367,today
ulysses,160008,thursday
ulysses,162552,today
ulysses,165795,thursday
ulysses,165886,february
ulysses,167872,today
ulysses,169748,era
ulysses,170426,may
ulysses,170533,era
ulysses,171748,saturday
ulysses,175998,tomorrow
ulysses,176003,today
ulysses,176666,tomorrow
ulysses,176676,today
ulysses,176749,era
ulysses,177511,tomorrow
ulysses,179346,tomorrow
ulysses,179867,today
ulysses,183502,century
ulysses,184551,today
ulysses,185198,tomorrow
ulysses,186189,yesterday
ulysses,186538,thursday
ulysses,186539,today
ulysses,187196,may
ulysses,189210,may
ulysses,189878,may
ulysses,192375,may
ulysses,197420,tomorrow
ulysses,198622,today
ulysses,198631,yesterday
ulysses,198833,friday
ulysses,200682,oclock
ulysses,201217,wednesday
ulysses,201219,saturday
ulysses,202497,yesterday
ulysses,202952,sunday
ulysses,203281,tomorrow
ulysses,205873,today
ulysses,209943,today
ulysses,209946,tomorrow
ulysses,214290,oclock
ulysses,214307,yesterday
ulysses,214310,yesterday
ulysses,214319,tomorrow
ulysses,214320,friday
ulysses,214330,yesterday
ulysses,216537,yesterday
ulysses,217157,monday
ulysses,219120,may
ulysses,219134,era
ulysses,219136,era
ulysses,219144,era
ulysses,220670,october
ulysses,222294,february
ulysses,222394,january
ulysses,222408,december
ulysses,222825,era
ulysses,222899,sunday
ulysses,222902,january
ulysses,222986,september
ulysses,222988,december
ulysses,224287,june
ulysses,224329,june
ulysses,224356,june
ulysses,224618,tuesday
ulysses,224619,june
ulysses,226462,june
ulysses,227133,thursday
ulysses,227136,friday
ulysses,227283,october
ulysses,227312,june
ulysses,228863,august
ulysses,229691,january
ulysses,230949,march
ulysses,231265,may
ulysses,231269,june
ulysses,231500,may
ulysses,231927,may
ulysses,231981,october
ulysses,231995,june
ulysses,232553,century
ulysses,233802,february
ulysses,235126,may
ulysses,235234,monday
ulysses,235931,december
ulysses,236133,tomorrow
ulysses,238767,september
ulysses,239728,september
ulysses,239730,october
ulysses,239741,june
ulysses,239749,september
ulysses,239774,november
ulysses,239779,december
ulysses,239787,january
ulysses,239856,september
ulysses,240915,yesterday
ulysses,241260,friday
ulysses,241437,may
ulysses,242352,may
ulysses,243719,may
ulysses,245291,monday
ulysses,245404,today
ulysses,247155,today
ulysses,247182,yesterday
ulysses,247438,september
ulysses,247944,today
ulysses,249247,thursday
ulysses,249248,friday
ulysses,249250,saturday
ulysses,249252,sunday
ulysses,249260,monday
ulysses,249317,today
ulysses,249357,tomorrow
ulysses,250990,today
ulysses,251644,sunday
ulysses,251955,may
ulysses,251959,may
ulysses,252559,yesterday
ulysses,253077,sunday
ulysses,254295,tomorrow
ulysses,254297,today
ulysses,254300,friday
ulysses,254492,monday
ulysses,256801,friday
ulysses,256802,saturday
ulysses,256803,sunday
ulysses,257468,monday
ulysses,258215,sunday
ulysses,258656,oclock
ulysses,258690,tomorrow
ulysses,259619,may
ulysses,260041,yesterday
ulysses,263419,tomorrow
ulysses,263420,today
ulysses,263744,tomorrow
ulysses,263850,today
